Head,ridge_sol,lasso_ridge_xgb_v2
Mean Difference %,6.059366550366601,5.600771171249512
Mean Variance %,3.986453105177933,3.62728384511146
