Head,DNNOut,DNNShallowOut
Mean Difference %,6.153601144999469,5.690279800830856
Mean Variance %,4.384677001651281,4.152857999853649
