Head,DNNOut,DNNShallowOut
Mean Difference %,8.493333665043332,8.554774875693179
Mean Variance %,5.519294123755493,5.672004988724291
