Head,ridge_sol,lasso_ridge_xgb_v2
Mean Difference %,7.31406509719589,7.2922120267553945
Mean Variance %,4.780772200233645,4.857702023464524
