Head,lasso_ridge_xgb_v2,lasso_ridge_xgb_v2
Mean Difference %,6.997225757042207,6.997225757042207
Mean Variance %,4.8688349838356855,4.8688349838356855
