Head,DNNOut,lasso_ridge_xgb_v2
Mean Difference %,8.493333665043332,7.017207172643817
Mean Variance %,5.519294123755493,4.754910029686521
