Head,DNNRegOut,DNNRegOut
Mean Difference %,9.241532199546159,8.384161845431194
Mean Variance %,6.071944358735918,5.796676621634031
